{"losses": [0.14468975716547386, 0.07573013734827573, 0.07057941501607766, 0.06439861311401064, 0.052423460713612875, 0.059156600217259415, 0.054799115146837524, 0.06627769145510487, 0.05792843322395473, 0.048391803356541974], "train_accuracies": [0.9840479493141174, 0.9943162798881531, 0.9950813055038452, 0.9953469038009644, 0.9965539574623108, 0.9962813258171082, 0.9968100786209106, 0.9959037899971008, 0.9967832565307617, 0.9972060322761536], "test_accuracies": [0.9927600026130676, 0.9938151240348816, 0.9924044013023376, 0.9958451390266418, 0.996214747428894, 0.9952923655509949, 0.9964625239372253, 0.9952657222747803, 0.9951633810997009, 0.993656575679779], "train_cases": ["Case_001", "Case_010", "Case_003", "Case_009", "Case_006", "Case_005", "Case_008", "Case_007"], "test_cases": ["Case_000", "Case_011", "Case_002", "Case_004"], "bce_weight": 0.7}