{"losses": [0.2519842142188871, 0.15534237850256064, 0.15699249329297124, 0.13533454845986656, 0.12355615123854698, 0.13362084588136625, 0.1279607748537249, 0.1290375459209286, 0.12680015564971678, 0.11566578006069805], "train_accuracies": [0.9756209254264832, 0.9885469675064087, 0.9888767600059509, 0.9905958771705627, 0.9917594194412231, 0.9915866255760193, 0.9919047355651855, 0.9923352003097534, 0.9924624562263489, 0.9928992390632629], "test_accuracies": [0.9830657243728638, 0.9809572696685791, 0.979446291923523, 0.9885039925575256, 0.9801568984985352, 0.9858631491661072, 0.9857508540153503, 0.990680992603302, 0.9835686087608337, 0.9860953092575073], "train_cases": ["Case_001", "Case_010", "Case_003", "Case_009", "Case_006", "Case_005", "Case_008", "Case_007"], "test_cases": ["Case_000", "Case_011", "Case_002", "Case_004"]}