{"losses": [0.24674796072413793, 0.16410048877367298, 0.15784244710025755, 0.10541101767354318, 0.08459835500783615, 0.09001516800726185, 0.08038478066540651, 0.09753201158868299, 0.08521642004819335, 0.07243245037121547], "train_accuracies": [0.9768473505973816, 0.9877534508705139, 0.9893516898155212, 0.994005024433136, 0.9959799647331238, 0.9960998892784119, 0.9969846606254578, 0.9959533214569092, 0.9969695806503296, 0.9972119927406311], "test_accuracies": [0.9827744364738464, 0.979325532913208, 0.987127959728241, 0.9954016208648682, 0.9950184226036072, 0.9949522018432617, 0.9967191219329834, 0.9964880347251892, 0.9959214329719543, 0.9921290874481201], "train_cases": ["Case_001", "Case_010", "Case_003", "Case_009", "Case_006", "Case_005", "Case_008", "Case_007"], "test_cases": ["Case_000", "Case_011", "Case_002", "Case_004"]}